aValue,bValue,Rs,Xc,Species,Type,frequencykHz
154.8254029,37.39724084,168.4531655,35.82656819,Goat,Carcass,50
156.4245519,36.26147198,153.4657494,37.17196613,Goat,Carcass,50
150.4560375,25.63424238,138.1387833,23.63196161,Goat,Carcass,50
180.2127945,33.41891265,177.2980531,39.07660003,Goat,Carcass,50
133.1422392,31.69868391,151.0765855,27.85579282,Goat,Carcass,50
158.8154346,36.41886688,157.9780484,39.63315197,Goat,Carcass,50
136.9566682,33.71202117,138.6546128,37.2998094,Goat,Carcass,50
205.9292068,39.77307663,199.3172396,38.09453505,Goat,Carcass,50
162.8422712,30.08259593,154.9944668,28.62524236,Goat,Carcass,50
176.7398451,27.8950831,179.5145602,29.69794862,Goat,Carcass,50
179.2439658,38.34081599,164.3756518,36.67519479,Goat,Carcass,50
151.6982376,39.29028149,130.0852562,35.38158409,Goat,Carcass,50
136.0020482,29.52610528,131.5401341,35.48263095,Goat,Carcass,50
181.6779883,52.43054925,190.3184669,50.08395189,Goat,Carcass,50
183.760681,44.18901476,170.3405765,39.61741117,Goat,Carcass,50
139.9767122,29.92768932,161.8228828,33.80934058,Goat,Carcass,50
214.0317958,40.19832992,188.2562703,43.99607635,Goat,Carcass,50
147.0125642,27.3401563,158.2870378,29.67983203,Goat,Carcass,50
151.4371564,32.19066821,165.1035082,26.13314546,Goat,Carcass,50
136.0544553,30.08417746,151.8699365,29.44999793,Goat,Carcass,50
138.3049293,25.69955479,135.2094525,28.35922007,Goat,Carcass,50
182.3262515,47.41239071,203.7189736,49.63212398,Goat,Carcass,50
159.861581,26.03232101,158.8457353,29.37521079,Goat,Carcass,50
156.4245519,36.26147198,153.4657494,37.17196613,Goat,Carcass,50
151.6611191,28.59002452,157.8965333,32.37786049,Goat,Carcass,50
174.5382161,44.4848881,195.4401884,38.28915907,Goat,Carcass,50
185.4834249,46.07275377,220.0595031,41.95760076,Goat,Carcass,50
1113.649052,358.5023911,1111.137744,350.1505704,Goat,Carcass,50
150.7780769,36.91189246,177.2547643,33.3936709,Goat,Carcass,50
191.1014353,30.22332192,159.9186009,34.64279978,Goat,Carcass,50
143.399166,28.97662417,154.5645282,26.09927659,Goat,Carcass,50
159.0584613,34.38761638,164.0575254,36.91077567,Goat,Carcass,50
153.6768471,39.11290439,143.4885356,32.41663571,Goat,Carcass,50
177.2767719,37.03007177,168.399297,35.56511982,Goat,Carcass,50
151.0877273,31.15560936,154.5575237,34.33201788,Goat,Carcass,50
196.703833,46.28360203,170.3239943,53.14441657,Goat,Carcass,50
159.5265953,29.63790094,143.6233085,31.92944402,Goat,Carcass,50
576.1506356,73.61594515,535.0463813,67.1671384,Goat,Carcass,50
188.3106738,37.08422074,174.9242849,35.88818438,Goat,Carcass,50
115.4866919,27.80668526,121.12128,27.62019484,Goat,Carcass,50
132.6545839,39.34970062,150.4907369,39.89294047,Goat,Carcass,50
1480.099803,330.3399711,1457.037627,331.3421674,Goat,Carcass,50
158.2106494,35.07899304,157.6564031,31.2618091,Goat,Carcass,50
139.0726925,28.17668009,134.6423841,26.09218429,Goat,Carcass,50
129.439414,27.64027065,148.6527721,30.46906358,Goat,Carcass,50
167.9314294,25.58193689,144.9799991,27.18118877,Goat,Carcass,50
155.3744356,26.99433375,152.5848438,26.29919824,Goat,Carcass,50
149.3742143,33.51243224,147.1829981,26.96748151,Goat,Carcass,50
120.9014112,27.25868925,130.9173815,26.72526705,Goat,Carcass,50
162.7707252,33.01314539,166.3741172,31.37852014,Goat,Carcass,50
148.4224187,29.76435597,149.3902169,28.95324221,Goat,Carcass,50
173.4038963,40.72415739,180.083572,39.35972908,Goat,Carcass,50
203.4858375,45.26777126,193.8332591,43.89252748,Goat,Carcass,50
162.2353799,33.14262954,154.2560142,27.50847861,Goat,Carcass,50
186.8201502,31.67200904,157.0705904,30.3679839,Goat,Carcass,50
140.8839851,38.41178501,153.9778987,33.35081497,Goat,Carcass,50
217.4415846,39.36975615,208.361272,39.90465873,Goat,Carcass,50
152.1401608,27.44444178,151.781776,33.3119737,Goat,Carcass,50
206.9858536,43.07551629,183.8939198,43.96464044,Goat,Carcass,50
203.8659576,51.53283554,212.851486,54.46038906,Goat,Carcass,50
1605.977827,295.2580391,1590.246314,296.3471189,Goat,Carcass,50
172.4626131,34.56577865,166.7751579,33.35121456,Goat,Carcass,50
383.8164767,83.87174888,356.8777937,81.69842125,Goat,Carcass,50
137.5983626,39.07643301,139.8926526,34.21171547,Goat,Carcass,50
149.0978242,28.24956094,161.9917993,28.85285858,Goat,Carcass,50
145.5811534,30.45381537,159.8516731,34.64085745,Goat,Carcass,50
195.6202766,40.67071787,193.2048112,36.53775837,Goat,Carcass,50
72.33641483,54.5343611,81.70194878,56.08230237,Goat,Carcass,50
141.4828046,35.05760037,154.0786752,31.96907517,Goat,Carcass,50
190.6966434,40.44854112,193.157987,41.868349,Goat,Carcass,50
158.702305,28.99975457,162.9228681,33.94286184,Goat,Carcass,50
151.8856122,35.19836804,138.6672297,36.65414073,Goat,Carcass,50
154.9871406,30.66649661,144.809627,30.98964852,Goat,Carcass,50
216.6055208,47.54876162,186.8478689,54.61328311,Goat,Carcass,50
94.21679814,54.87134811,101.3850138,50.2786153,Goat,Carcass,50
142.4327991,29.53477065,132.8065439,30.74330144,Goat,Carcass,50
143.4373029,24.79543552,151.7057861,34.6565345,Goat,Carcass,50
198.54341,48.41469829,198.9439028,55.9716712,Goat,Carcass,50
170.5312533,42.99721457,188.8883058,42.57781295,Goat,Carcass,50
192.2936106,37.50280993,171.1403004,40.46025611,Goat,Carcass,50
169.8684748,29.07575273,168.9285221,29.4913321,Goat,Carcass,50
140.2263075,36.33981553,155.2953757,40.06465804,Goat,Carcass,50
198.4866722,43.68150234,216.6465744,41.2251484,Goat,Carcass,50
164.6031761,37.7112933,171.8807383,37.38944257,Goat,Carcass,50
135.2051051,32.86902983,151.4261759,33.30616388,Goat,Carcass,50
177.4667571,42.46934283,176.8825695,37.22520342,Goat,Carcass,50
186.8443957,41.18527405,176.2852212,41.38668901,Goat,Carcass,50
72.2083917,49.73995063,86.16332143,53.94096748,Goat,Carcass,50
169.1830203,27.33894162,170.9782099,27.94757092,Goat,Carcass,50
174.9267864,41.92540185,176.9298691,43.21034505,Goat,Carcass,50
158.2120977,30.22652689,142.1837256,37.16990311,Goat,Carcass,50
193.2507914,43.77449916,192.1053188,44.06651923,Goat,Carcass,50
136.1923397,29.60734108,138.0986569,24.84943907,Goat,Carcass,50
141.0935447,24.70966954,125.5339623,26.4833476,Goat,Carcass,50
197.7502473,54.83071267,205.4193759,55.80948405,Goat,Carcass,50
161.8766824,27.11040838,152.3762697,30.43817445,Goat,Carcass,50
169.7638336,34.08573003,145.6631666,32.22503315,Goat,Carcass,50
140.8073536,36.98044941,150.0484902,40.60966013,Goat,Carcass,50
196.475151,41.53377496,189.6697221,41.43259614,Goat,Carcass,50
146.9465325,37.52869164,168.1803122,31.72615399,Goat,Carcass,50
136.419148,39.9278552,155.3026096,33.43122261,Goat,Carcass,50
148.4878673,31.10240613,146.969518,29.49915973,Goat,Carcass,50
152.46873,26.55278666,143.2611035,28.27027985,Goat,Carcass,50
133.9563823,37.2372069,145.7343082,38.50777234,Goat,Carcass,50
126.6401636,30.85799677,156.8899082,35.86287625,Goat,Carcass,50
161.0029504,37.20673567,160.8280124,30.83746832,Goat,Carcass,50
130.6297517,30.19730077,115.196308,35.84507568,Goat,Carcass,50
187.408696,41.49788529,185.9914705,43.63770171,Goat,Carcass,50
184.6591064,40.11918124,178.9145277,38.2703932,Goat,Carcass,50
159.3026684,34.18227406,152.5991953,34.60017132,Goat,Carcass,50
176.3487624,37.51634094,160.207482,37.35166759,Goat,Carcass,50
181.5437138,54.52275466,198.5936837,50.90273914,Goat,Carcass,50
167.2681401,35.4667301,151.9109634,31.45717568,Goat,Carcass,50
155.6141069,27.78097154,154.8171325,28.58013332,Goat,Carcass,50
139.1457133,35.73053698,152.4189253,35.56017734,Goat,Carcass,50
162.3208073,40.78534604,169.0682982,40.57614056,Goat,Carcass,50
166.0381851,27.15736226,157.3029784,28.66868923,Goat,Carcass,50
147.9294352,29.95828505,141.7612118,31.59359608,Goat,Carcass,50
205.8012896,40.87077256,198.361222,45.05689838,Goat,Carcass,50
147.5712501,31.41851829,128.2197321,32.54044585,Goat,Carcass,50
166.115685,32.27835096,161.3614251,34.15119297,Goat,Carcass,50
195.2275698,40.67138934,170.4763618,40.47412227,Goat,Carcass,50
152.9783565,32.94699249,148.1178545,37.72050955,Goat,Carcass,50
153.0991223,34.04123528,148.8996657,30.40411312,Goat,Carcass,50
168.7888213,36.89348263,166.3694324,39.34965921,Goat,Carcass,50
142.586143,30.09356328,158.7482267,34.85755157,Goat,Carcass,50
154.8295354,30.54446511,169.40677,39.3366901,Goat,Carcass,50
190.2387679,36.20877219,179.028506,41.16014759,Goat,Carcass,50
173.2200498,41.58969623,180.993966,44.43305889,Goat,Carcass,50
155.0164399,33.70662524,147.6097358,36.66068709,Goat,Carcass,50
158.952529,29.2462146,150.7081479,30.20131973,Goat,Carcass,50
166.3650949,35.66472845,191.0357106,37.59970026,Goat,Carcass,50
1369.772232,302.9697567,1381.003606,304.1647491,Goat,Carcass,50
146.672214,34.63601057,184.1030791,37.52098334,Goat,Carcass,50
140.6333257,33.15986601,150.3941305,37.5410634,Goat,Carcass,50
155.1943918,28.502149,146.0795891,26.94628876,Goat,Carcass,50
134.4597672,29.1593818,128.3107662,29.76272458,Goat,Carcass,50
137.4814919,28.38648833,148.5398799,33.1794965,Goat,Carcass,50
132.6671522,32.05572698,147.3293464,28.22349312,Goat,Carcass,50
166.8866017,33.6171289,154.1896895,28.32232029,Goat,Carcass,50
170.7189075,30.17609457,159.7927041,31.58093417,Goat,Carcass,50
147.886647,25.3115685,140.9262282,31.09372569,Goat,Carcass,50
197.4585645,36.89864165,189.9075134,37.73983163,Goat,Carcass,50
120.9141951,26.86202964,141.6833045,27.6070367,Goat,Carcass,50
154.4530938,29.70480594,145.6787135,35.88920086,Goat,Carcass,50
142.6654081,29.43690961,139.862489,30.59029868,Goat,Carcass,50
144.4100907,29.14532492,146.4795358,29.63657252,Goat,Carcass,50
133.9972219,31.57035654,135.7405581,34.01472132,Goat,Carcass,50
174.1496361,31.57552706,145.4154366,32.74329758,Goat,Carcass,50
180.8575814,34.31932079,173.5815813,37.99287003,Goat,Carcass,50
165.4898245,30.29760557,152.9611315,25.89941275,Goat,Carcass,50
556.9486848,71.80257022,550.0252827,72.43391784,Goat,Carcass,50
192.4647718,36.4171793,187.3505481,40.8122837,Goat,Carcass,50
153.6779835,35.32175628,160.115195,29.08508346,Goat,Carcass,50
1593.000866,292.2076618,1599.491514,293.001015,Goat,Carcass,50
153.6470006,29.13558795,149.7148508,31.77831321,Goat,Carcass,50
168.7698007,31.69701219,155.958634,28.38222058,Goat,Carcass,50
134.4228289,24.9568081,130.2440747,32.50296186,Goat,Carcass,50
167.5735959,33.21906272,156.4382237,31.60023578,Goat,Carcass,50
184.9656099,32.27281755,163.8428232,34.57639675,Goat,Carcass,50
149.2956589,36.29727086,132.7916113,38.86422707,Goat,Carcass,50
202.1233843,52.36325647,199.512223,52.12453451,Goat,Carcass,50
184.6804781,37.0935021,165.9159848,39.04781323,Goat,Carcass,50
1477.16099,330.774368,1473.614078,334.1531555,Goat,Carcass,50
185.5823374,50.23062944,200.4788854,54.48906145,Goat,Carcass,50
1593.000866,292.2076618,1599.491514,293.001015,Goat,Carcass,50
211.5660443,46.85736521,201.5561512,48.95744238,Goat,Carcass,50
135.4367412,27.38829018,142.0405908,27.44144178,Goat,Carcass,50
145.430109,38.5673577,149.5868452,38.16142486,Goat,Carcass,50
165.7715641,42.82808648,181.1501284,35.26698107,Goat,Carcass,50
152.5111537,24.43885929,149.0475396,29.14087866,Goat,Carcass,50
150.6566496,26.60453002,151.5502433,26.51324523,Goat,Carcass,50
142.8173924,35.55920034,144.2805379,30.1203041,Goat,Carcass,50
106.4170075,51.51776737,87.12508468,52.73809228,Goat,Carcass,50
164.0519757,28.2196619,172.1093359,28.70515589,Goat,Carcass,50
128.1869841,26.24839688,116.6240322,29.29251983,Goat,Carcass,50
215.0817897,46.73441714,201.5309011,41.97787054,Goat,Carcass,50
126.7511466,32.38990822,131.8587891,31.98414425,Goat,Carcass,50
169.6482258,32.02575992,136.5929325,36.34536333,Goat,Carcass,50
1467.288598,334.8660937,1471.167606,334.064494,Goat,Carcass,50
164.4178758,34.07952718,162.2123607,33.39721833,Goat,Carcass,50
76.09015887,52.70023054,89.31946091,55.64511325,Goat,Carcass,50
142.4157686,37.04833042,153.2005167,38.44376807,Goat,Carcass,50
82.49117399,50.38292667,106.8835613,52.2190801,Goat,Carcass,50
164.0587591,39.98627399,172.3599337,36.68190982,Goat,Carcass,50
135.3464456,30.720673,129.691295,33.02667639,Goat,Carcass,50
139.3726714,32.28084787,151.3395065,30.52434402,Goat,Carcass,50
153.2913734,30.78563092,158.9471734,26.06125113,Goat,Carcass,50
152.3649383,30.3346094,149.5933649,34.42399811,Goat,Carcass,50
139.0126917,35.95863241,138.3055625,38.16377536,Goat,Carcass,50
194.7897743,40.50386286,181.7196356,43.92340808,Goat,Carcass,50
143.0528911,27.98909023,160.8784556,35.13352638,Goat,Carcass,50
189.3557378,41.78954363,178.3435525,46.31551782,Goat,Carcass,50
171.5042975,39.60550105,166.741537,40.25941533,Goat,Carcass,50
191.2155673,49.25586614,219.2999543,49.90218369,Goat,Carcass,50
152.9287966,34.44325331,139.0449149,32.55404059,Goat,Carcass,50
143.1905798,38.79744241,142.8683273,38.24658649,Goat,Carcass,50
198.0468205,42.11313723,208.9098641,41.57193601,Goat,Carcass,50
162.5541546,39.44274908,155.4741632,34.69030389,Goat,Carcass,50
176.2562261,34.98554502,168.0182541,33.1577676,Goat,Carcass,50
195.9474606,49.57206544,195.4388867,52.49084597,Goat,Carcass,50
173.0359111,37.6352283,182.2575033,39.92299211,Goat,Carcass,50
129.2763615,24.5894201,140.3300753,25.32345861,Goat,Carcass,50
145.1867401,31.74811229,146.6105541,25.96650876,Goat,Carcass,50
154.5454937,28.26386908,146.0396904,25.39306416,Goat,Carcass,50
133.495758,38.3188323,136.8928645,31.52532093,Goat,Carcass,50
134.2055396,24.64293133,141.4376106,22.64351807,Goat,Carcass,50
160.7659703,37.88873949,151.910255,41.80227157,Goat,Carcass,50
188.3106738,37.08422074,174.9242849,35.88818438,Goat,Carcass,50
173.2518305,30.35575273,159.5770528,30.92068732,Goat,Carcass,50
131.4130529,25.8360775,148.6102535,27.91393562,Goat,Carcass,50
155.085649,39.1375321,142.7007597,34.47791835,Goat,Carcass,50
183.7981153,40.63152787,196.5192082,41.17652051,Goat,Carcass,50
166.2124073,33.45425661,155.3212819,36.03537741,Goat,Carcass,50
170.3481488,41.13065955,162.4074447,35.04921173,Goat,Carcass,50
139.9083577,30.85915555,129.2370283,32.69485979,Goat,Carcass,50
185.592909,53.44827462,196.9670309,53.35164317,Goat,Carcass,50
131.9890348,33.77159602,142.9950535,28.43975024,Goat,Carcass,50
153.4937101,32.42493388,176.6376719,31.42665909,Goat,Carcass,50
212.6046801,44.02938058,209.7429325,43.43202194,Goat,Carcass,50
200.2432676,34.32153147,194.0330256,33.84295209,Goat,Carcass,50
143.9992526,38.13548248,145.7168422,34.39181447,Goat,Carcass,50
126.4831494,27.16237041,140.592138,26.59040106,Goat,Carcass,50
177.0030983,33.0921644,157.9401798,28.86148838,Goat,Carcass,50
346.2296904,81.39267932,348.6883414,88.37988675,Goat,Carcass,50
169.1125573,39.61674507,171.7481745,44.24338198,Goat,Carcass,50
163.8122933,30.79393012,159.1283114,31.51422773,Goat,Carcass,50
154.8295354,30.54446511,169.40677,39.3366901,Goat,Carcass,50
195.6121174,39.17230386,163.1321196,40.88342879,Goat,Carcass,50
179.4331806,28.4122685,160.2671188,30.27362597,Goat,Carcass,50
143.0502724,38.58753239,130.6929154,31.9814391,Goat,Carcass,50
145.5658551,29.73001986,142.2292141,28.97618639,Goat,Carcass,50
1605.183511,296.6947647,1591.128389,293.3161743,Goat,Carcass,50
145.5708016,30.49168962,150.073835,28.81977144,Goat,Carcass,50
183.3774655,36.09273339,175.4657018,42.38666923,Goat,Carcass,50
157.5991528,29.16967191,159.9322542,29.1749089,Goat,Carcass,50
162.2163056,29.93898173,154.8211668,29.31142677,Goat,Carcass,50
144.7763343,28.84105163,149.5741245,27.98668078,Goat,Carcass,50
195.8623828,51.38963768,193.262809,50.42152257,Goat,Carcass,50
153.9194815,30.45654605,148.1275286,30.45331165,Goat,Carcass,50
108.3504109,27.93297237,141.6035713,22.11819775,Goat,Carcass,50
194.9731114,43.22668552,204.082784,43.8108832,Goat,Carcass,50
356.5726103,125.8206905,358.3245466,130.0148436,Goat,Carcass,50
214.9490884,53.06888151,192.8867969,54.17687615,Goat,Carcass,50
122.107945,30.06730937,147.636584,30.56034942,Goat,Carcass,50
149.2386622,27.90944682,148.3512058,37.72785706,Goat,Carcass,50
185.734551,46.94906842,189.921216,43.90513902,Goat,Carcass,50
155.2524703,33.82702698,136.4848105,36.40925171,Goat,Carcass,50
191.8853594,40.2496032,166.3165009,35.9315707,Goat,Carcass,50
207.014302,45.54226296,226.8419261,46.62803209,Goat,Carcass,50
154.066259,33.36979323,149.822945,29.0067982,Goat,Carcass,50
169.5036272,33.39447279,162.3376759,30.58973073,Goat,Carcass,50
159.861581,26.03232101,158.8457353,29.37521079,Goat,Carcass,50
137.0487783,35.01275746,147.4110654,29.75278883,Goat,Carcass,50
168.6453601,34.37105487,145.1163255,31.45622534,Goat,Carcass,50
172.4770845,31.47262689,143.2346183,36.62076654,Goat,Carcass,50
183.6515895,34.96173684,157.159634,32.56218334,Goat,Carcass,50
178.9751672,42.34877821,189.6414529,40.66272116,Goat,Carcass,50
154.2932433,24.94695679,154.1162181,24.14653578,Goat,Carcass,50
135.7095767,28.63465408,132.5867744,27.8878464,Goat,Carcass,50
160.3106428,38.79484434,180.72536,30.79683742,Goat,Carcass,50
173.4222728,24.76970671,141.4248691,30.93282749,Goat,Carcass,50
166.29074,35.70510754,152.5959461,41.74363536,Goat,Carcass,50
185.5508494,36.99868946,188.8668231,38.34731,Goat,Carcass,50
568.8965137,71.60203711,531.1593861,69.3096253,Goat,Carcass,50
118.5036675,29.772727,136.235212,31.86889157,Goat,Carcass,50
177.0030983,33.0921644,157.9401798,28.86148838,Goat,Carcass,50
170.0530408,34.86108878,179.9360934,36.01633668,Goat,Carcass,50
174.2617463,37.77798491,185.6842603,41.24986931,Goat,Carcass,50
113.5684062,26.30840555,131.2540417,21.53868672,Goat,Carcass,50
192.8299857,50.1612135,195.3021435,56.21987213,Goat,Carcass,50
150.6258815,28.25032805,153.7689341,30.31751433,Goat,Carcass,50
163.0312714,39.62657892,172.4050039,37.07026706,Goat,Carcass,50
159.5643158,39.82791338,155.8213993,31.99775311,Goat,Carcass,50
117.7806042,29.3412329,129.5958313,25.95042873,Goat,Carcass,50
163.3188714,31.53817541,160.327573,35.43957507,Goat,Carcass,50
153.088833,34.3930959,162.9808571,37.60176238,Goat,Carcass,50
164.4329237,29.50457787,159.2481576,30.1571246,Goat,Carcass,50
168.5161555,35.20954089,189.8594892,32.467257,Goat,Carcass,50
165.5943715,24.41325797,169.4433871,27.97868137,Goat,Carcass,50
183.3301264,54.82960344,192.411552,50.5519667,Goat,Carcass,50
145.1019074,28.24778527,161.4354438,27.257927,Goat,Carcass,50
203.1587027,41.93106313,208.9228872,41.78117491,Goat,Carcass,50
180.0070276,41.20707452,186.9050034,40.89774993,Goat,Carcass,50
141.9447371,34.26267126,145.3321709,29.79246837,Goat,Carcass,50
150.1977599,34.42750975,146.7258185,34.10094873,Goat,Carcass,50
147.9262439,22.68014458,147.234947,23.68479024,Goat,Carcass,50
148.0185006,28.74086137,135.0764379,24.55815709,Goat,Carcass,50
165.750761,37.42767476,162.3054441,38.48836258,Goat,Carcass,50
143.5538843,34.50103561,140.7880162,31.74410952,Goat,Carcass,50
154.743075,35.37089636,173.8063208,37.46625641,Goat,Carcass,50
4.679365538,6.261687331,10.06722466,1.352097537,Goat,Carcass,50
168.4681174,42.77622951,158.7562309,42.5944287,Goat,Carcass,50
133.7938063,27.3344693,122.92346,22.10767998,Goat,Carcass,50
171.8378077,29.04804384,155.2523014,30.66026587,Goat,Carcass,50
62.92534422,38.01318649,93.96201426,38.04013294,Goat,Carcass,50
138.0560503,28.82954262,155.6711513,28.56735069,Goat,Carcass,50
162.5380726,38.86380574,189.9524083,37.33182767,Goat,Carcass,50
128.8548204,27.11130978,123.8587964,32.72721084,Goat,Carcass,50
146.7895665,33.25824789,138.332791,31.96837094,Goat,Carcass,50
148.3987616,28.69873843,135.2049846,29.74047099,Goat,Carcass,50
0.0,2.964264163,12.30739686,0.0,Goat,Carcass,50
142.513983,31.40918886,163.8572344,28.63722833,Goat,Carcass,50
156.1105958,34.38950252,154.6245355,36.1306185,Goat,Carcass,50
136.0020482,29.52610528,131.5401341,35.48263095,Goat,Carcass,50
202.0639666,36.40737399,197.3891085,38.02920669,Goat,Carcass,50
189.1227846,40.22818898,186.0096797,40.37738172,Goat,Carcass,50
123.4157551,30.53047103,131.1198619,28.57448156,Goat,Carcass,50
165.4480913,24.38402706,147.7444299,29.76570392,Goat,Carcass,50
1364.882846,301.8031576,1358.101378,301.9214985,Goat,Carcass,50
183.6136139,39.98436156,197.31489,40.13148066,Goat,Carcass,50
146.6660363,33.13538265,156.2881012,29.44357471,Goat,Carcass,50
146.2286219,28.43367983,143.9593928,24.31947897,Goat,Carcass,50
187.6420733,39.75251282,171.7041755,40.94300845,Goat,Carcass,50
139.1910291,39.97747793,145.7763609,36.7700842,Goat,Carcass,50
154.944176,26.7515153,150.7365604,24.41621219,Goat,Carcass,50
155.3466318,30.95733023,161.0790058,30.4796933,Goat,Carcass,50
73.03278694,37.38523113,75.78680673,38.9294023,Goat,Carcass,50
124.440413,32.09037815,140.856326,27.95582647,Goat,Carcass,50
150.7415188,31.93298139,139.324175,33.45690849,Goat,Carcass,50
148.9154833,36.56748685,161.4830039,33.45481745,Goat,Carcass,50
159.3435165,36.11986286,176.1123711,31.15898405,Goat,Carcass,50
362.1706619,124.6218603,340.0530258,130.0148623,Goat,Carcass,50
159.5019247,35.08365381,158.4337743,36.90527702,Goat,Carcass,50
202.7154023,53.95612844,190.7286832,51.11088806,Goat,Carcass,50
159.8271887,25.2896364,163.8496902,29.79260656,Goat,Carcass,50
173.8474178,35.92317328,137.8746704,34.27824126,Goat,Carcass,50
180.9481135,42.30885819,184.7471542,40.47500635,Goat,Carcass,50
186.1681152,38.96852961,181.6412212,41.34075422,Goat,Carcass,50
97.20610992,54.42575381,83.07661047,51.99782392,Goat,Carcass,50
79.30603065,37.72019093,73.65204208,39.0265845,Goat,Carcass,50
160.9321226,27.95610868,143.1809282,30.27650912,Goat,Carcass,50
166.5107695,26.27939838,167.8273262,25.97980449,Goat,Carcass,50
198.8009919,38.38885098,191.5711873,38.98710414,Goat,Carcass,50
150.3835825,29.00781974,129.3198167,28.5349772,Goat,Carcass,50
194.2885184,37.73595059,186.7039882,39.47841788,Goat,Carcass,50
167.3078027,35.64629979,174.8942471,38.1496713,Goat,Carcass,50
189.1745199,36.46654027,193.721317,41.01901366,Goat,Carcass,50
200.5675947,43.06311226,185.2426696,36.58016405,Goat,Carcass,50
173.8965619,31.65766191,155.3307478,33.9930114,Goat,Carcass,50
1480.46035,330.7125865,1472.003771,329.5827652,Goat,Carcass,50
144.1021932,33.30149443,131.3890894,37.492626,Goat,Carcass,50
154.5871117,33.51242159,138.8377441,33.41811084,Goat,Carcass,50
111.2028675,27.80307954,125.548848,27.36687737,Goat,Carcass,50
136.5991708,38.5343838,153.2312117,37.15169253,Goat,Carcass,50
177.9075011,38.75327136,181.5254201,36.50032622,Goat,Carcass,50
178.9184037,41.00681256,195.423881,41.54731326,Goat,Carcass,50
144.6606306,31.03766714,160.0471336,35.78697419,Goat,Carcass,50
197.5169801,46.40479105,200.4721762,45.6687603,Goat,Carcass,50
161.0307047,27.89413051,163.2251835,35.67477669,Goat,Carcass,50
160.8873325,32.54464541,141.8197546,31.65920846,Goat,Carcass,50
162.7936475,41.77699254,173.829021,36.08590864,Goat,Carcass,50
138.2887532,29.52431257,146.5671006,30.65879312,Goat,Carcass,50
170.3866302,30.88101706,160.4086263,32.83456105,Goat,Carcass,50
158.194355,29.945393,135.6103224,32.55932189,Goat,Carcass,50
171.089961,32.97818052,142.808164,35.49148858,Goat,Carcass,50
211.7740955,38.74061947,198.3669689,41.76489027,Goat,Carcass,50
167.6910221,32.24850349,159.751926,31.39725511,Goat,Carcass,50
139.2316657,28.760322,138.9006621,29.46468542,Goat,Carcass,50
179.5233289,37.59761196,176.7296435,38.58788695,Goat,Carcass,50
141.8965251,25.80537118,132.8460066,28.79478955,Goat,Carcass,50
151.7347027,33.14005305,165.7075963,27.76151075,Goat,Carcass,50
160.2682319,27.15657896,130.1974242,29.84401313,Goat,Carcass,50
545.4669513,71.36227467,534.5906428,71.7419906,Goat,Carcass,50
146.0777007,35.23876887,147.6428067,32.05588807,Goat,Carcass,50
202.0388327,51.04224501,196.9227845,48.64566346,Goat,Carcass,50
167.3859073,25.83471471,144.4030193,30.52546363,Goat,Carcass,50
183.7950791,43.46325441,166.6792138,45.08069899,Goat,Carcass,50
203.7641537,55.13512512,196.1901813,54.07274627,Goat,Carcass,50
199.3348907,38.07231356,171.2031587,40.61206753,Goat,Carcass,50
152.8673688,36.42687748,166.0234563,33.87107269,Goat,Carcass,50
161.5205415,28.66325319,168.4055049,29.73832533,Goat,Carcass,50
170.5367357,43.08918127,195.6366261,38.93348974,Goat,Carcass,50
147.6949119,29.71093328,147.3939674,28.37974804,Goat,Carcass,50
192.4353233,36.85826567,199.7516018,35.04035353,Goat,Carcass,50
140.5716165,25.90722608,120.6984061,25.72479404,Goat,Carcass,50
190.6965432,49.96753233,190.5849917,50.55475445,Goat,Carcass,50
184.6804781,37.0935021,165.9159848,39.04781323,Goat,Carcass,50
120.2894858,30.52351954,142.7459708,30.36543236,Goat,Carcass,50
132.2514073,32.25024895,137.8908601,36.73381726,Goat,Carcass,50
135.1837767,35.17274638,143.5524882,38.21690601,Goat,Carcass,50
166.4238476,38.02049592,157.5120514,37.6212779,Goat,Carcass,50
151.6375839,35.57398728,162.8866765,37.9218276,Goat,Carcass,50
153.7422194,39.3735957,163.951808,33.61039373,Goat,Carcass,50
154.5805302,34.08775508,136.4866734,34.35193433,Goat,Carcass,50
148.9358269,37.95106908,139.6249313,36.23525887,Goat,Carcass,50
184.8476821,44.39528418,205.6537664,46.45736373,Goat,Carcass,50
157.6429536,34.62199878,141.0978623,34.93663179,Goat,Carcass,50
146.7114246,25.44096973,147.9621941,24.67664942,Goat,Carcass,50
172.3521377,34.94679971,152.0463302,29.96562362,Goat,Carcass,50
148.4775798,29.40770727,147.0594208,35.29923745,Goat,Carcass,50
167.2681401,35.4667301,151.9109634,31.45717568,Goat,Carcass,50
351.638777,87.27901299,358.1339796,84.61510221,Goat,Carcass,50
159.10307,30.27600023,154.4660549,31.18571861,Goat,Carcass,50
160.9610603,36.01179629,150.1954765,32.61615523,Goat,Carcass,50
211.34136,45.4835098,207.6050008,44.19735205,Goat,Carcass,50
199.6453527,40.58391288,195.044192,44.41515428,Goat,Carcass,50
141.770387,36.50185755,148.33602,30.43173754,Goat,Carcass,50
157.319099,29.27986593,180.0292373,29.05562036,Goat,Carcass,50
164.3186274,32.41294266,150.3287089,32.84945342,Goat,Carcass,50
141.9646229,31.12260029,144.7117711,25.69379345,Goat,Carcass,50
78.7119279,41.51705828,82.74127213,32.06814399,Goat,Carcass,50
190.4739465,38.43364693,184.5424243,42.09739059,Goat,Carcass,50
139.6820191,31.49977433,155.3484761,29.3652601,Goat,Carcass,50
152.7030969,32.94750164,140.8373768,34.72144661,Goat,Carcass,50
163.2177557,28.50974832,140.8097635,29.89447271,Goat,Carcass,50
162.9056703,35.90758037,196.1468742,40.0941458,Goat,Carcass,50
191.164553,41.02404898,198.0484561,37.41259692,Goat,Carcass,50
187.7669869,41.98627365,195.2873408,38.65350229,Goat,Carcass,50
134.2769441,30.58368962,117.0600222,32.68390023,Goat,Carcass,50
177.0872659,34.7520517,163.1187894,36.95570007,Goat,Carcass,50
189.3961712,50.49360047,205.1040976,49.89454216,Goat,Carcass,50
156.3724574,36.49162611,147.0296669,35.77182191,Goat,Carcass,50
172.2038642,30.17513252,147.5874455,27.81447554,Goat,Carcass,50
163.0270978,35.41753354,173.7712907,38.54841767,Goat,Carcass,50
121.4000009,35.87256147,139.6692837,36.27880633,Goat,Carcass,50
118.5036675,29.772727,136.235212,31.86889157,Goat,Carcass,50
156.1044802,31.99671321,151.079637,32.20380661,Goat,Carcass,50
533.6028344,73.02082925,536.9986365,72.33471934,Goat,Carcass,50
153.0382634,38.73270844,147.4367568,35.03046501,Goat,Carcass,50
190.2923055,38.32229624,174.0009133,39.5312156,Goat,Carcass,50
139.1457133,35.73053698,152.4189253,35.56017734,Goat,Carcass,50
146.227487,40.42709438,155.1629435,36.99673429,Goat,Carcass,50
133.8272998,29.80504392,132.7021323,28.96755627,Goat,Carcass,50
195.8052793,52.20196845,214.1819601,51.13183135,Goat,Carcass,50
120.8077892,21.91978197,132.1170452,24.73883402,Goat,Carcass,50
157.4525134,36.7225047,162.7171575,38.98751777,Goat,Carcass,50
1469.084836,333.1271715,1472.89609,334.5211596,Goat,Carcass,50
210.258676,46.47793055,236.0834898,46.08330915,Goat,Carcass,50
163.3090503,41.85484951,154.683415,38.3619691,Goat,Carcass,50
214.5555825,49.84237798,181.4199723,50.81063344,Goat,Carcass,50
158.5299766,34.45504552,168.8757065,35.8025766,Goat,Carcass,50
127.7389608,27.42288916,139.5221347,29.58219746,Goat,Carcass,50
160.6729952,28.93617722,140.4842792,26.74138614,Goat,Carcass,50
153.9683805,28.15474136,166.2467076,23.16614405,Goat,Carcass,50
177.1555152,36.83670266,176.1776759,37.99933603,Goat,Carcass,50
157.9803751,25.42046773,163.5444016,28.23200237,Goat,Carcass,50
92.29414049,50.31515742,81.49019041,51.81059744,Goat,Carcass,50
170.9998832,31.5453453,162.8118753,29.32762314,Goat,Carcass,50
143.7172249,38.70548878,141.3062268,39.59878616,Goat,Carcass,50
195.9657448,51.99764295,191.9498043,50.82751922,Goat,Carcass,50
156.7299823,37.41635775,158.8430202,35.05231604,Goat,Carcass,50
119.0151813,31.09902722,158.9526323,28.6524371,Goat,Carcass,50
145.5954081,27.71436397,159.0482751,28.48403971,Goat,Carcass,50
115.4866919,27.80668526,121.12128,27.62019484,Goat,Carcass,50
155.6879253,29.27832432,149.1685136,34.94010348,Goat,Carcass,50
1111.857773,353.8407277,1114.584556,354.637065,Goat,Carcass,50
80.33633711,36.45956268,92.04453057,38.60773816,Goat,Carcass,50
154.0457198,32.57583577,139.3317996,32.35643861,Goat,Carcass,50
163.1999026,31.91025445,177.2095155,33.55967125,Goat,Carcass,50
147.9874095,37.76982627,137.1902323,35.0478062,Goat,Carcass,50
124.2292591,25.51726032,121.5830424,25.03972795,Goat,Carcass,50
202.7880195,45.98923097,227.9787096,47.39982102,Goat,Carcass,50
182.3660497,35.37688532,160.465657,37.74280213,Goat,Carcass,50
147.281329,40.32545914,151.4135089,37.84347211,Goat,Carcass,50
169.3035341,38.26510554,160.3424199,37.0576463,Goat,Carcass,50
157.7017079,37.41780257,176.418514,33.88936557,Goat,Carcass,50
200.1858041,45.75859519,202.447002,43.02842543,Goat,Carcass,50
161.2961055,33.42767368,142.2085895,38.33072449,Goat,Carcass,50
133.952198,27.21136745,131.9688573,30.95161203,Goat,Carcass,50
223.2753472,44.84772246,221.2183898,47.55127937,Goat,Carcass,50
142.4706564,33.33294237,138.9337891,32.16480925,Goat,Carcass,50
159.4057741,31.0136397,148.9200151,25.9291346,Goat,Carcass,50
207.4703602,41.12976334,230.3798788,47.6481072,Goat,Carcass,50
1384.432003,301.9319819,1390.19896,305.6450961,Goat,Carcass,50
212.6894847,41.92754431,186.6720864,46.29749635,Goat,Carcass,50
175.3270452,37.82290586,171.2385843,41.01730655,Goat,Carcass,50
135.8770857,25.67019049,123.9692914,32.09676413,Goat,Carcass,50
141.1836017,24.60230933,151.6683839,28.17234513,Goat,Carcass,50
147.7127652,27.59161288,100.9631042,26.4131104,Goat,Carcass,50
177.5019616,35.92249895,170.5254435,37.91004194,Goat,Carcass,50
139.5221146,34.802124,120.816566,32.60637995,Goat,Carcass,50
163.7017061,30.73215835,152.1155817,35.49601432,Goat,Carcass,50
130.8253124,31.28973035,136.5163803,28.80028772,Goat,Carcass,50
150.5979032,29.68799225,134.1552675,26.92463725,Goat,Carcass,50
174.1208635,37.91105467,168.7339366,41.31964764,Goat,Carcass,50
140.5199518,29.49459886,127.648823,27.14504303,Goat,Carcass,50
1372.168235,304.4859053,1366.468246,303.6302468,Goat,Carcass,50
159.4223405,32.28030875,173.7203904,37.27362659,Goat,Carcass,50
161.6116246,30.57017793,147.2474829,32.25784916,Goat,Carcass,50
156.2039608,28.65083349,143.0508373,25.45630277,Goat,Carcass,50
163.782592,25.77734313,161.9461491,30.41014152,Goat,Carcass,50
156.6615806,36.24068138,147.8353887,31.42514436,Goat,Carcass,50
169.3419313,41.92847058,174.9944821,42.06203125,Goat,Carcass,50
130.0225722,26.35055838,139.4948363,30.0643003,Goat,Carcass,50
81.22875648,39.26651008,86.73203695,37.92800753,Goat,Carcass,50
180.9636652,43.69728195,175.5883273,40.45815594,Goat,Carcass,50
148.5931626,36.66384053,133.9967354,32.58622287,Goat,Carcass,50
104.6045227,27.03986451,132.2682909,24.8144006,Goat,Carcass,50
198.2432758,54.26610369,179.2541539,53.60453993,Goat,Carcass,50
153.0444408,32.00710165,164.3763111,23.42263591,Goat,Carcass,50
148.757237,32.45908804,166.2057535,30.48079458,Goat,Carcass,50
190.9689104,51.08479409,193.9076717,52.30861908,Goat,Carcass,50
155.3466318,30.95733023,161.0790058,30.4796933,Goat,Carcass,50
185.90932,40.04046604,175.4635725,32.19503747,Goat,Carcass,50
209.283283,47.72872927,215.3089298,42.15028575,Goat,Carcass,50
122.9806238,23.06047899,139.2130849,29.03778188,Goat,Carcass,50
160.720852,30.13803218,166.962008,31.48488954,Goat,Carcass,50
156.6352679,30.5148625,142.7391101,30.87759697,Goat,Carcass,50
159.584421,40.70544463,164.2025934,36.31226506,Goat,Carcass,50
140.3112095,29.90302897,136.3525799,30.40405067,Goat,Carcass,50
1103.680467,355.4965977,1107.90709,353.7598469,Goat,Carcass,50
211.7648932,42.18674859,209.9994771,40.65709299,Goat,Carcass,50
133.9081457,32.51003824,131.1496353,29.19355634,Goat,Carcass,50
154.7196057,27.73314629,121.7121043,28.03324463,Goat,Carcass,50
154.170161,31.86044012,127.2960681,29.33360219,Goat,Carcass,50
198.4545199,39.9585951,173.2873502,39.52548697,Goat,Carcass,50
138.7997619,26.24400522,128.0317191,25.80497859,Goat,Carcass,50
127.8304732,30.72286767,132.3803298,31.31930451,Goat,Carcass,50
1110.452489,355.6243835,1113.529574,356.9609954,Goat,Carcass,50
188.0167615,41.59542337,176.5577486,41.48246364,Goat,Carcass,50
140.5260195,33.49491362,159.7729263,30.99688522,Goat,Carcass,50
211.6815092,36.67536893,169.4524003,40.34963804,Goat,Carcass,50
86.85705971,34.99761535,84.0803586,35.37243526,Goat,Carcass,50
137.5923945,24.22750158,135.3822048,25.08223671,Goat,Carcass,50
205.2539072,39.88934192,175.8894164,44.05317981,Goat,Carcass,50
148.7208591,27.2609993,151.8891926,29.4641936,Goat,Carcass,50
138.5002537,30.44084787,130.7723687,29.60886809,Goat,Carcass,50
177.366473,38.24217722,195.4545696,39.3557428,Goat,Carcass,50
146.7453189,29.20808231,141.9573236,29.56769551,Goat,Carcass,50
144.8772345,31.70684691,141.3050428,32.15030157,Goat,Carcass,50
150.3502664,30.5023873,156.4727859,36.31288611,Goat,Carcass,50
145.2152816,31.26644844,143.8694872,28.84120579,Goat,Carcass,50
205.1507308,48.92856802,230.3302906,48.08126148,Goat,Carcass,50
155.3182972,36.78304834,164.7575719,34.3104771,Goat,Carcass,50
176.6595542,42.20535453,160.1701175,35.40428051,Goat,Carcass,50
153.7989841,32.48919067,163.1931792,30.17246628,Goat,Carcass,50
153.0052299,27.66303357,162.1311471,29.69021837,Goat,Carcass,50
151.0795572,29.34802519,162.8926556,29.02814843,Goat,Carcass,50
211.3427422,51.00113041,201.1358962,52.44077576,Goat,Carcass,50
96.7387465,57.92890735,106.8230626,49.26732514,Goat,Carcass,50
112.7615552,25.22433005,141.2965946,26.77618105,Goat,Carcass,50
1363.795762,304.2018453,1363.358044,305.7594568,Goat,Carcass,50
1383.978763,309.3749445,1387.619983,308.4153039,Goat,Carcass,50
139.5928117,26.46695157,158.233509,31.89196807,Goat,Carcass,50
167.8893891,34.6409674,172.717163,37.84297091,Goat,Carcass,50
169.0542465,31.94233601,163.2827855,32.75922878,Goat,Carcass,50
173.6472194,29.37572553,173.1305435,32.61340062,Goat,Carcass,50
136.4881788,29.40663044,148.8484398,27.51327075,Goat,Carcass,50
159.0181187,35.19108019,158.562575,35.79464672,Goat,Carcass,50
145.1867401,31.74811229,146.6105541,25.96650876,Goat,Carcass,50
189.221956,42.75732148,172.1946469,38.78931248,Goat,Carcass,50
183.2175707,37.65694626,177.8629125,37.13106501,Goat,Carcass,50
147.2758464,31.23729773,169.3857693,33.07804639,Goat,Carcass,50
192.717843,39.14511624,174.9621129,37.99162921,Goat,Carcass,50
191.2076635,58.04225094,199.8238549,51.05595126,Goat,Carcass,50
184.6703852,43.34040214,186.977823,41.78954699,Goat,Carcass,50
157.6800073,29.24620231,164.6467834,31.94388871,Goat,Carcass,50
140.4159846,28.75386425,143.1246825,33.6686023,Goat,Carcass,50
158.0491802,32.73496629,125.0006267,29.94400835,Goat,Carcass,50
184.3957618,37.85423533,180.9728466,35.602405,Goat,Carcass,50
182.2646312,39.31772193,200.1401791,46.02172515,Goat,Carcass,50
152.6488737,31.45815684,151.0288042,32.5367633,Goat,Carcass,50
142.9534937,28.77939595,151.0279013,30.33036061,Goat,Carcass,50
204.3696668,45.66474241,212.0122341,38.78280478,Goat,Carcass,50
191.7125376,44.12919546,206.031931,45.46485564,Goat,Carcass,50
187.521164,38.51000988,197.7366634,40.36177319,Goat,Carcass,50
189.4809608,37.90236751,181.7636536,42.3230494,Goat,Carcass,50
16.00463642,3.786568368,25.18401147,4.839297991,Goat,Carcass,50
172.6794298,37.12266462,171.3268427,37.99766382,Goat,Carcass,50
155.1456811,32.59963515,138.5792486,29.72290402,Goat,Carcass,50
182.6196629,39.4979372,175.655412,38.98512872,Goat,Carcass,50
209.4853173,43.11614807,204.1715366,44.5282829,Goat,Carcass,50
179.8498537,40.55028356,186.5040524,41.24857053,Goat,Carcass,50
174.4490946,41.18316523,180.618566,39.55901969,Goat,Carcass,50
172.7212,43.77271561,176.9850964,39.75204717,Goat,Carcass,50
157.7737147,29.77926683,148.0587677,29.3521172,Goat,Carcass,50
151.0795572,29.34802519,162.8926556,29.02814843,Goat,Carcass,50
169.842792,31.50965311,150.1845522,31.12344253,Goat,Carcass,50
171.1400708,36.92900591,157.4706443,43.18534912,Goat,Carcass,50
139.8585188,36.87200511,166.7884654,33.27974756,Goat,Carcass,50
145.8377457,32.52788153,165.8055615,35.16751337,Goat,Carcass,50
135.4412736,32.11868137,155.9259347,29.63738376,Goat,Carcass,50
139.752728,38.13809093,162.0920678,46.57991662,Goat,Carcass,50
154.2752697,26.21756327,149.8371994,29.78741576,Goat,Carcass,50
188.6909861,36.21635079,162.3424073,37.91892797,Goat,Carcass,50
178.1694967,32.61170265,164.8848387,36.10797853,Goat,Carcass,50
158.768183,31.63952952,144.2651197,37.56238397,Goat,Carcass,50
137.4235205,29.76072603,127.9702927,27.19022487,Goat,Carcass,50
137.2581249,25.36194806,141.282783,28.03631525,Goat,Carcass,50
24.26432908,0.0,19.86045819,0.0,Goat,Carcass,50
156.6348102,36.11063011,175.6367176,32.50356804,Goat,Carcass,50
120.7912418,27.2859674,133.6505868,27.5815222,Goat,Carcass,50
152.3796286,37.69357133,169.1424245,40.94541757,Goat,Carcass,50
151.6454832,35.79640515,126.6996341,29.60449873,Goat,Carcass,50
162.5650446,32.92024391,165.991687,32.9550049,Goat,Carcass,50
189.4249021,48.75011212,202.4319259,57.36974088,Goat,Carcass,50
187.2225557,40.7690119,183.5683141,41.53824405,Goat,Carcass,50
177.1541195,39.98222609,160.613414,32.43003178,Goat,Carcass,50
160.0027707,28.09995237,149.9062059,26.36787633,Goat,Carcass,50
198.6424173,43.58540987,171.4111699,49.82309872,Goat,Carcass,50
134.8033432,32.95008005,127.2179687,31.66090193,Goat,Carcass,50
183.7775834,37.12874124,185.2761971,35.24980845,Goat,Carcass,50
175.6289034,50.35973456,190.0724793,50.73309026,Goat,Carcass,50
166.7928922,39.35538843,197.6677905,36.65147391,Goat,Carcass,50
155.5303063,41.281136,170.3256255,42.55194281,Goat,Carcass,50
169.9423486,36.80271586,164.2068424,40.32698744,Goat,Carcass,50
1482.698019,329.34204,1459.89793,332.7846953,Goat,Carcass,50
136.3214579,30.31353326,138.6561378,30.56651909,Goat,Carcass,50
159.9914569,29.40878506,160.1291957,30.85329877,Goat,Carcass,50
164.8736305,36.80500747,159.7340312,36.50503216,Goat,Carcass,50
140.3320478,28.55805822,136.5416642,26.98331403,Goat,Carcass,50
1596.774993,291.097217,1584.166348,295.7076293,Goat,Carcass,50
144.6024474,32.87868407,163.3277256,34.38085802,Goat,Carcass,50
147.6897915,35.91390446,160.0382919,32.38225401,Goat,Carcass,50
119.2057703,32.84574918,141.3907493,33.43506208,Goat,Carcass,50
150.1977599,34.42750975,146.7258185,34.10094873,Goat,Carcass,50
129.9498485,31.81563707,138.2507041,29.88672612,Goat,Carcass,50
152.7924332,18.2661452,153.7080974,26.63957462,Goat,Carcass,50
138.9870059,29.94241931,165.977728,28.66862022,Goat,Carcass,50
160.6124278,28.72761195,138.2890507,27.69042791,Goat,Carcass,50
147.4875564,31.61414095,140.7901223,30.32894642,Goat,Carcass,50
183.8742395,48.81349985,213.3853502,46.74138044,Goat,Carcass,50
157.4727907,37.06576789,182.7376542,39.81382309,Goat,Carcass,50
165.2462666,29.4934713,177.9501403,31.36709978,Goat,Carcass,50
1360.433565,308.5470573,1369.670847,306.3998941,Goat,Carcass,50
165.4778192,31.62301095,156.2932558,26.71041822,Goat,Carcass,50
148.6488376,40.59820128,179.6977567,27.61583265,Goat,Carcass,50
213.4008897,45.84492382,213.7936391,45.72423471,Goat,Carcass,50
167.4381968,38.71298514,143.1591068,38.9417095,Goat,Carcass,50
162.2031685,37.17776793,167.2054119,36.57573096,Goat,Carcass,50
147.3729047,27.12954656,170.555908,25.70773804,Goat,Carcass,50
147.9316436,31.60908231,141.8934604,29.27860745,Goat,Carcass,50
129.2983731,23.62920939,153.2834269,24.73891581,Goat,Carcass,50
160.4305844,30.81063615,157.5488601,28.20855264,Goat,Carcass,50
163.5429783,35.86331387,175.912232,37.18889068,Goat,Carcass,50
190.8600107,43.93491936,187.9607032,42.34684796,Goat,Carcass,50
176.538635,42.50013352,160.8993598,37.20920805,Goat,Carcass,50
188.8121044,44.63211784,182.8912859,41.16214718,Goat,Carcass,50
138.6219626,25.5770403,126.9656223,29.75767636,Goat,Carcass,50
156.0443292,28.36692411,154.4272616,33.33389978,Goat,Carcass,50
135.9512631,30.95679888,150.4733916,30.48157951,Goat,Carcass,50
144.1076211,32.72809276,144.0807283,35.65842895,Goat,Carcass,50
154.2671687,34.78019947,148.3025008,36.66024854,Goat,Carcass,50
152.4405852,24.73940918,133.6562028,31.61901623,Goat,Carcass,50
168.6453601,34.37105487,145.1163255,31.45622534,Goat,Carcass,50
164.0747792,40.18617441,164.5007155,37.49741677,Goat,Carcass,50
212.4874968,40.29433367,210.0767238,45.85540244,Goat,Carcass,50
1589.104,292.0692202,1588.622391,292.2523739,Goat,Carcass,50
131.6062681,33.89439212,156.1047235,37.24123963,Goat,Carcass,50
143.5835879,29.79073809,119.8286305,32.77506055,Goat,Carcass,50
181.6609684,37.99752093,191.1053882,40.84443718,Goat,Carcass,50
134.6006699,27.19292569,140.6317017,31.32056746,Goat,Carcass,50
154.449753,38.11597257,173.5015118,36.17132201,Goat,Carcass,50
126.6401636,30.85799677,156.8899082,35.86287625,Goat,Carcass,50
160.9506923,31.54867524,160.8797641,27.30597377,Goat,Carcass,50
165.7465015,26.78873018,151.9035866,28.79955737,Goat,Carcass,50
160.6071923,28.34796159,127.7267246,29.16135563,Goat,Carcass,50
166.4157713,37.85114764,174.5980702,33.88040698,Goat,Carcass,50
171.6600877,40.85553327,170.821284,40.58825086,Goat,Carcass,50
138.1174057,29.86687723,148.4866752,27.57524382,Goat,Carcass,50
186.3288255,43.2815711,204.4249453,41.60634978,Goat,Carcass,50
121.4001741,32.45047235,115.7402049,28.16716983,Goat,Carcass,50
138.0634985,24.08931832,145.4585,25.0431959,Goat,Carcass,50
146.7007257,32.83871184,148.9030537,35.19468781,Goat,Carcass,50
370.714246,131.2747954,370.8160574,128.1369853,Goat,Carcass,50
135.6654309,29.70917872,137.0566794,28.25567001,Goat,Carcass,50
167.5412503,44.95869296,179.9049323,38.07020216,Goat,Carcass,50
188.6553008,44.69523567,194.6141839,40.96171201,Goat,Carcass,50
68.15348045,30.85627795,78.48018261,37.34977945,Goat,Carcass,50
165.5943715,24.41325797,169.4433871,27.97868137,Goat,Carcass,50
128.1869841,26.24839688,116.6240322,29.29251983,Goat,Carcass,50
150.5622778,31.49910375,147.4934781,32.40943644,Goat,Carcass,50
136.8784305,30.92192049,145.577365,33.97676359,Goat,Carcass,50
141.6093634,33.71022755,166.3061822,31.83201444,Goat,Carcass,50
149.0596041,36.05055418,145.7530308,27.28499265,Goat,Carcass,50
142.3485372,35.94227981,137.2880222,35.78067309,Goat,Carcass,50
135.4367412,27.38829018,142.0405908,27.44144178,Goat,Carcass,50
164.6465371,30.31674692,165.8586011,30.72324376,Goat,Carcass,50
176.8113778,35.73359458,195.6850346,37.86463812,Goat,Carcass,50
174.0388862,38.71783273,209.8787036,43.69056464,Goat,Carcass,50
173.8381745,29.925417,163.7782144,26.9758454,Goat,Carcass,50
174.2617463,37.77798491,185.6842603,41.24986931,Goat,Carcass,50
159.1324233,29.44639912,160.8745362,33.94750882,Goat,Carcass,50
169.601704,32.43850734,175.2601326,36.89362226,Goat,Carcass,50
134.9534944,30.89078966,150.1758287,30.81629029,Goat,Carcass,50
153.7474804,30.29202256,124.7512691,25.16200888,Goat,Carcass,50
100.4895891,51.86834207,83.02720028,51.64344779,Goat,Carcass,50
178.1185344,36.59804676,158.4723803,33.13585437,Goat,Carcass,50
168.4330113,33.63689488,162.1827284,31.07577628,Goat,Carcass,50
359.7031199,127.1596567,353.0817641,126.3237474,Goat,Carcass,50
138.6062755,35.98545764,155.8073792,38.565316,Goat,Carcass,50
191.3175853,51.36998469,227.0790906,51.61818725,Goat,Carcass,50
148.6669001,30.26965489,146.9199189,33.63008513,Goat,Carcass,50
175.7262999,35.3172745,152.4181121,38.41000466,Goat,Carcass,50
130.5337589,24.17778301,128.3066758,30.18542198,Goat,Carcass,50
157.1863895,35.85781186,164.4770221,34.72596297,Goat,Carcass,50
157.8183213,38.6301028,165.3828134,37.85197741,Goat,Carcass,50
135.3782613,32.6391582,158.5052306,31.82269404,Goat,Carcass,50
367.6887805,128.3216635,364.7617204,127.14654,Goat,Carcass,50
150.5622778,31.49910375,147.4934781,32.40943644,Goat,Carcass,50
136.3147025,33.28449799,171.526027,32.99832354,Goat,Carcass,50
1100.385982,352.3116479,1084.731056,354.2073177,Goat,Carcass,50
143.9210075,26.10267894,128.5317948,31.16109578,Goat,Carcass,50
163.7487735,25.08060998,153.1136911,34.19313969,Goat,Carcass,50
173.9163977,37.61463781,184.2633061,42.64768118,Goat,Carcass,50
235.8718357,49.51461256,218.9790732,45.59137863,Goat,Carcass,50
184.4027916,44.70354827,191.7492546,41.89182289,Goat,Carcass,50
144.4015087,31.93748217,153.7049407,32.09227073,Goat,Carcass,50
140.0647178,22.43650939,135.3670015,24.00836829,Goat,Carcass,50
128.7604799,34.01720972,144.5498055,27.88755626,Goat,Carcass,50
153.4730601,25.94381968,170.3493072,27.34784573,Goat,Carcass,50
149.9779238,36.78000528,163.031111,34.56776747,Goat,Carcass,50
160.5362496,32.82660968,149.7266119,32.22255919,Goat,Carcass,50
192.993373,43.36283662,188.8490677,42.17599449,Goat,Carcass,50
141.2007043,28.56954923,155.2463043,33.50495856,Goat,Carcass,50
159.1753905,29.18724152,161.797618,27.82229339,Goat,Carcass,50
156.3171449,39.29738874,166.8645344,35.74160623,Goat,Carcass,50
161.4130525,34.4259566,156.9176619,32.62783979,Goat,Carcass,50
154.4047024,26.73944967,132.3460424,24.33632305,Goat,Carcass,50
187.5387674,49.71731311,193.315446,51.60810595,Goat,Carcass,50
178.4075978,30.2670459,158.4617227,32.39094735,Goat,Carcass,50
190.788802,39.22251411,185.4276725,38.32826823,Goat,Carcass,50
158.4609825,36.94830168,145.4873998,37.58395125,Goat,Carcass,50
145.1126609,38.88278886,142.7369898,37.16513831,Goat,Carcass,50
172.8437178,33.08448277,151.4782276,31.86609458,Goat,Carcass,50
149.1490944,35.5611534,152.5171225,33.91858626,Goat,Carcass,50
144.2737251,26.48504775,180.8136992,28.54648644,Goat,Carcass,50
176.4579948,33.1252192,162.5980196,44.17567403,Goat,Carcass,50
199.4032138,38.85853109,178.2265605,42.29067065,Goat,Carcass,50
143.1905798,38.79744241,142.8683273,38.24658649,Goat,Carcass,50
165.091011,37.04482543,172.5028817,36.64324982,Goat,Carcass,50
139.3999815,39.46643597,133.4801142,37.7451181,Goat,Carcass,50
159.0437623,37.56872037,169.7408463,39.57834794,Goat,Carcass,50
154.6747246,34.54468422,150.9618928,34.3903281,Goat,Carcass,50
150.8161465,34.03676367,150.4851868,32.40537863,Goat,Carcass,50
166.8265139,26.75960099,153.6425762,31.47285526,Goat,Carcass,50
177.5718159,38.13603298,169.2606834,36.19824557,Goat,Carcass,50
143.6341203,36.85633831,165.0035123,39.33369633,Goat,Carcass,50
158.3280815,46.29365433,158.883064,38.22109732,Goat,Carcass,50
132.6380944,29.1961061,135.3570317,35.73060858,Goat,Carcass,50
135.5559624,30.89579395,152.4459829,31.51909567,Goat,Carcass,50
165.525632,29.79143899,166.8666514,33.5757583,Goat,Carcass,50
134.8080446,30.1927173,106.9603172,31.41633242,Goat,Carcass,50
151.3571007,29.79718143,149.6719279,32.47842221,Goat,Carcass,50
158.4175262,35.92171465,149.0650808,33.58390233,Goat,Carcass,50
119.7965524,28.60138479,126.5729043,28.05834708,Goat,Carcass,50
203.8357378,43.63700191,183.6682671,39.98141625,Goat,Carcass,50
162.0115025,30.40565375,163.9522727,30.50694892,Goat,Carcass,50
153.3815119,30.57196314,144.5584878,31.18457037,Goat,Carcass,50
134.617415,31.40710514,137.3884748,28.98734819,Goat,Carcass,50
128.7604799,34.01720972,144.5498055,27.88755626,Goat,Carcass,50
152.4230855,29.08700725,165.0215293,27.05183753,Goat,Carcass,50
159.7574838,30.55145778,143.3584856,31.69897445,Goat,Carcass,50
116.6518992,26.53445681,142.7135973,29.01669649,Goat,Carcass,50
131.6715907,37.7770679,155.3172235,32.49805134,Goat,Carcass,50
150.6932163,32.42629427,155.3351411,29.68729911,Goat,Carcass,50
221.3181664,46.09527489,225.0561793,43.17720383,Goat,Carcass,50
166.1587852,32.12132036,145.5721464,35.29401011,Goat,Carcass,50
195.3327709,54.34770176,203.9901546,49.58336432,Goat,Carcass,50
209.2050597,41.85289502,200.0083381,40.74989074,Goat,Carcass,50
118.2997796,32.57742396,127.8905939,30.05527653,Goat,Carcass,50
141.5228852,26.15415027,121.3893422,29.24684238,Goat,Carcass,50
190.5026592,38.98373378,206.0587408,40.16321661,Goat,Carcass,50
177.9158171,37.00195693,144.3987113,36.40541147,Goat,Carcass,50
149.5486068,35.73768961,157.1921802,31.91123929,Goat,Carcass,50
148.2188341,39.42463832,160.1171056,37.77422786,Goat,Carcass,50
149.3698975,27.46794532,143.505899,30.90748852,Goat,Carcass,50
134.2055396,24.64293133,141.4376106,22.64351807,Goat,Carcass,50
174.4880778,36.16888205,156.965959,39.93371118,Goat,Carcass,50
179.7177753,42.60035615,187.0778575,41.850471,Goat,Carcass,50
167.7392449,35.05329865,165.5078718,36.00410004,Goat,Carcass,50
188.3615666,49.51215665,182.4768725,51.84344758,Goat,Carcass,50
155.7771104,27.78351538,180.0078704,34.2019086,Goat,Carcass,50
153.1048163,28.65840742,138.8870965,26.8564842,Goat,Carcass,50
184.7594546,36.56644129,186.2094012,38.19908313,Goat,Carcass,50
135.0007929,36.15509391,140.4074513,32.77886601,Goat,Carcass,50
80.26930708,40.28575823,76.88125629,38.83695605,Goat,Carcass,50
175.6107574,38.61492411,156.8821864,36.51969967,Goat,Carcass,50
160.7136433,39.39985327,171.2122926,36.53310981,Goat,Carcass,50
160.0882297,36.34095253,189.903043,36.77193431,Goat,Carcass,50
147.619244,29.07129331,175.9560146,34.68173748,Goat,Carcass,50
177.5718159,38.13603298,169.2606834,36.19824557,Goat,Carcass,50
159.1270399,27.97796479,136.1900262,29.33490375,Goat,Carcass,50
190.0532018,40.63438489,190.0178868,43.15920829,Goat,Carcass,50
153.5003775,28.06659085,155.7739499,29.74228757,Goat,Carcass,50
151.080037,35.85404516,154.9674863,32.06346874,Goat,Carcass,50
167.9900644,34.85272594,161.2021748,36.30568729,Goat,Carcass,50
142.9805094,30.23924244,143.1886729,32.13628839,Goat,Carcass,50
176.3343189,40.97258179,165.5845976,34.64664957,Goat,Carcass,50
210.1908637,48.06233582,213.6281209,42.98225085,Goat,Carcass,50
86.8702965,51.57487114,118.4848591,55.69514249,Goat,Carcass,50
144.3965325,31.08612075,161.2895919,29.45478257,Goat,Carcass,50
185.5508494,36.99868946,188.8668231,38.34731,Goat,Carcass,50
190.5921248,41.28002306,200.8198586,44.44966673,Goat,Carcass,50
137.4535241,32.2755932,132.8939907,33.36834513,Goat,Carcass,50
213.1290284,44.22877021,221.7614659,42.96607146,Goat,Carcass,50
136.419148,39.9278552,155.3026096,33.43122261,Goat,Carcass,50
162.5764496,30.31326065,169.8710129,27.6038803,Goat,Carcass,50
155.1008259,27.74611359,182.2379533,28.94231205,Goat,Carcass,50
168.6230178,44.27447177,162.8369298,38.46508635,Goat,Carcass,50
134.7973267,29.81903278,131.9373952,27.45527561,Goat,Carcass,50
141.1815049,28.82592037,172.4692924,31.7022196,Goat,Carcass,50
170.6785918,38.40159734,177.1000068,37.47968184,Goat,Carcass,50
135.7717256,29.91437538,143.6812961,30.11656273,Goat,Carcass,50
216.5643722,46.52621947,214.2764365,43.11287202,Goat,Carcass,50
154.5187124,34.84317124,168.9426624,35.20355638,Goat,Carcass,50
156.4164084,22.69781052,139.5809427,28.21414922,Goat,Carcass,50
130.1568374,35.52525688,150.664179,34.4169515,Goat,Carcass,50
139.5539843,33.60465512,135.7412868,36.44518681,Goat,Carcass,50
207.9036764,42.18477448,216.9281994,41.87499169,Goat,Carcass,50
151.4064474,28.83213773,152.7809804,27.34662675,Goat,Carcass,50
141.1836017,24.60230933,151.6683839,28.17234513,Goat,Carcass,50
172.3033568,40.07386728,181.32412,39.54064023,Goat,Carcass,50
135.4695801,29.55422836,171.6887375,31.80928751,Goat,Carcass,50
153.088833,34.3930959,162.9808571,37.60176238,Goat,Carcass,50
203.7790752,52.69549107,197.9043732,54.28236729,Goat,Carcass,50
172.4176881,42.69248295,171.246776,43.2191647,Goat,Carcass,50
126.901463,22.50115979,151.3383057,28.10204155,Goat,Carcass,50
155.1749857,28.07420065,170.2952413,26.9528292,Goat,Carcass,50
1578.746471,292.6767307,1598.638446,294.0310555,Goat,Carcass,50
142.0982669,31.35044874,146.3445648,32.64979642,Goat,Carcass,50
163.20966,33.93268342,141.8776713,29.00556699,Goat,Carcass,50
143.5538843,34.50103561,140.7880162,31.74410952,Goat,Carcass,50
158.5299766,34.45504552,168.8757065,35.8025766,Goat,Carcass,50
132.0348893,27.83030518,137.4646209,31.48121927,Goat,Carcass,50
144.5573894,31.83496596,172.7507104,28.84629281,Goat,Carcass,50
159.9496632,34.71022605,146.2354709,31.50600014,Goat,Carcass,50
182.4491856,39.01808194,195.6555083,42.10247807,Goat,Carcass,50
138.2671493,31.94112736,128.4346237,34.77924792,Goat,Carcass,50
147.4668683,33.5398741,140.371024,29.6244984,Goat,Carcass,50
154.5455045,28.6764082,137.1103927,27.75433407,Goat,Carcass,50
165.8179547,38.58865219,149.9883803,38.9876426,Goat,Carcass,50
166.8576673,32.42342964,154.3471805,30.58006138,Goat,Carcass,50
171.825989,27.48553821,173.9820067,26.70131563,Goat,Carcass,50
196.445704,48.57174993,199.5869433,51.73836354,Goat,Carcass,50
146.6862959,29.20892551,145.6572485,32.42382198,Goat,Carcass,50
194.4269367,43.98008613,231.0091286,41.79208702,Goat,Carcass,50
210.957527,45.37214351,196.9190168,43.83347648,Goat,Carcass,50
184.0523761,42.65727025,199.0051247,39.24710845,Goat,Carcass,50
155.9895681,40.19950907,148.6503385,36.03758379,Goat,Carcass,50
155.085649,39.1375321,142.7007597,34.47791835,Goat,Carcass,50
143.5190806,30.87305068,144.5159682,34.30598951,Goat,Carcass,50
134.8254237,27.7250738,114.8954331,29.18750079,Goat,Carcass,50
159.8605493,33.42178471,151.6150567,33.28647887,Goat,Carcass,50
174.7280075,34.29607513,184.8319485,38.78087328,Goat,Carcass,50
128.894147,31.5238364,151.8422433,30.02411839,Goat,Carcass,50
155.9777902,26.55447786,140.4359588,37.12695604,Goat,Carcass,50
178.4261199,38.03939463,201.7924697,38.17002941,Goat,Carcass,50
145.4295864,30.42247744,135.7883278,28.8183474,Goat,Carcass,50
157.0561878,34.80806315,146.4722167,36.33998806,Goat,Carcass,50
146.2607734,35.54514501,148.6313433,32.14479379,Goat,Carcass,50
144.4819275,29.28805456,128.2547493,26.47465576,Goat,Carcass,50
165.3007281,31.65451334,131.9395355,31.14498301,Goat,Carcass,50
183.1086252,42.59692626,177.2513355,35.28171962,Goat,Carcass,50
143.5986731,28.29521199,129.888727,27.81901065,Goat,Carcass,50
203.1302285,43.57913838,180.438814,42.91302619,Goat,Carcass,50
156.3364398,35.79225128,161.6926085,36.87063568,Goat,Carcass,50
143.986656,33.86150361,141.9199289,29.15504218,Goat,Carcass,50
137.7670221,32.48418713,145.9256075,33.20424955,Goat,Carcass,50
150.6250553,30.96485531,130.9922481,31.42867873,Goat,Carcass,50
220.7260244,46.07822654,214.3976661,41.87094296,Goat,Carcass,50
167.4837495,42.76477778,162.8816033,36.35989787,Goat,Carcass,50
189.0424619,49.72669945,203.4822166,49.05231323,Goat,Carcass,50
154.2419731,26.93497331,151.2725219,29.6745121,Goat,Carcass,50
144.9652569,33.52507201,147.7525488,38.85418096,Goat,Carcass,50
138.301383,27.58024439,127.9713201,27.51305736,Goat,Carcass,50
209.3106245,42.34547807,194.6381332,39.65428747,Goat,Carcass,50
171.766028,34.35975349,169.3676363,33.39119131,Goat,Carcass,50
134.0609958,27.51488735,143.5905631,33.93089334,Goat,Carcass,50
158.75546,34.92222409,169.1256249,36.14225235,Goat,Carcass,50
158.2941842,34.03189468,152.4564102,29.67951491,Goat,Carcass,50
157.3519691,35.44100097,146.6700017,36.90412094,Goat,Carcass,50
163.2834314,30.10222813,139.0297335,33.43152178,Goat,Carcass,50
205.9911129,46.52992577,200.9606035,55.49010881,Goat,Carcass,50
197.2364344,37.38699622,171.4795958,41.08990412,Goat,Carcass,50
165.7481349,31.86637045,157.2419332,30.79477297,Goat,Carcass,50
165.2825226,36.00008593,151.5226378,33.38592647,Goat,Carcass,50
187.0170061,40.49654061,159.8346481,40.51732739,Goat,Carcass,50
169.1684576,37.02688738,175.8861654,32.34694336,Goat,Carcass,50
167.8587573,29.63699762,152.6314239,32.81333885,Goat,Carcass,50
127.5275676,30.42557207,141.6316437,32.08973624,Goat,Carcass,50
159.3364596,33.42045021,164.8453302,24.93283083,Goat,Carcass,50
154.4780833,34.14787736,159.3441414,30.27903131,Goat,Carcass,50
137.1392485,38.69437266,155.9623149,36.92999742,Goat,Carcass,50
167.75779,27.96244822,164.1652006,26.1011439,Goat,Carcass,50
165.5223356,30.76638598,137.3221523,32.29200998,Goat,Carcass,50
206.9174793,47.85483231,175.3282546,54.30190105,Goat,Carcass,50
176.8509562,41.96964226,190.9770679,46.42222117,Goat,Carcass,50
119.0151813,31.09902722,158.9526323,28.6524371,Goat,Carcass,50
166.6694973,35.67633013,142.3227534,35.84018064,Goat,Carcass,50
134.6192892,32.75608899,120.7713779,23.70526255,Goat,Carcass,50
122.4618657,31.48634406,131.2414915,28.59609389,Goat,Carcass,50
167.8987362,33.9293084,166.9434588,34.06939427,Goat,Carcass,50
168.0827726,38.49379302,175.797199,39.81980799,Goat,Carcass,50
153.1005209,28.65874992,176.5744075,28.15053206,Goat,Carcass,50
135.8804049,31.0212567,134.8311423,29.35178173,Goat,Carcass,50
136.9027276,27.57554677,131.6175981,26.24172367,Goat,Carcass,50
187.8400132,36.09627781,175.0675586,34.07031259,Goat,Carcass,50
161.7651817,34.69044344,155.5059448,37.74268121,Goat,Carcass,50
190.551386,41.20539752,191.9276485,44.6474813,Goat,Carcass,50
191.6816126,39.33380816,190.4306616,40.95637995,Goat,Carcass,50
148.8997298,33.96819741,161.0687403,36.31676348,Goat,Carcass,50
141.1727104,24.76770331,115.2826343,28.63957734,Goat,Carcass,50
157.7516475,39.3582567,143.056986,35.6457943,Goat,Carcass,50
145.9154459,36.65011145,169.9726377,31.60214026,Goat,Carcass,50
152.5637022,36.65632391,168.6730679,34.55911644,Goat,Carcass,50
163.8859817,31.12492431,151.9791925,31.12933562,Goat,Carcass,50
139.8151005,36.97941739,143.1692696,36.12842017,Goat,Carcass,50
1108.587859,353.9612237,1103.508023,355.337532,Goat,Carcass,50
139.7636107,34.25953152,140.5330014,27.99241015,Goat,Carcass,50
147.4794327,30.09929678,148.9986522,28.13279151,Goat,Carcass,50
1479.456255,330.5525965,1498.634065,324.9633518,Goat,Carcass,50
16.18929547,4.550870158,5.86406508,0.966127452,Goat,Carcass,50
195.0408122,35.85349319,189.2388071,39.49191127,Goat,Carcass,50
162.3762959,32.75045305,153.2079753,31.4015692,Goat,Carcass,50
151.7035105,34.18407543,138.7510278,35.28575505,Goat,Carcass,50
176.7572975,37.69395123,145.6665841,41.61599076,Goat,Carcass,50
147.9246011,27.64588407,142.9542072,29.32353513,Goat,Carcass,50
149.7008684,32.89155162,142.4027849,29.42491677,Goat,Carcass,50
204.4288577,41.82989048,195.9472494,43.68859959,Goat,Carcass,50
196.9762138,46.55362261,226.5888388,41.0819623,Goat,Carcass,50
120.4260627,29.42514748,121.5585657,27.19020718,Goat,Carcass,50
226.7978735,49.18276114,216.2931824,43.81695643,Goat,Carcass,50
166.931963,34.41511987,149.0823404,33.27865591,Goat,Carcass,50
150.4375218,34.62691788,169.6483288,34.9815135,Goat,Carcass,50
155.9777902,26.55447786,140.4359588,37.12695604,Goat,Carcass,50
192.4353233,36.85826567,199.7516018,35.04035353,Goat,Carcass,50
137.1392485,38.69437266,155.9623149,36.92999742,Goat,Carcass,50
4.226737374,3.161863578,0.0,5.034963823,Goat,Carcass,50
212.0693202,46.7796468,211.7663358,46.03523878,Goat,Carcass,50
533.6028344,73.02082925,536.9986365,72.33471934,Goat,Carcass,50
138.0695553,32.36763476,143.1878791,30.91807985,Goat,Carcass,50
165.2462666,29.4934713,177.9501403,31.36709978,Goat,Carcass,50
145.9251497,32.02304737,166.703064,34.11863987,Goat,Carcass,50
163.8404483,35.52500907,174.851655,32.358721,Goat,Carcass,50
148.7275147,31.39680803,156.6197089,33.84190723,Goat,Carcass,50
83.64254847,52.17064844,100.0969677,54.55388673,Goat,Carcass,50
147.5875379,27.23301896,160.1496419,31.23444236,Goat,Carcass,50
175.4371059,39.021078,180.2543919,39.46677462,Goat,Carcass,50
171.569733,44.06209997,192.0148493,35.84809585,Goat,Carcass,50
1481.539729,331.9495197,1480.543905,331.648145,Goat,Carcass,50
138.1690037,31.54113481,145.9219211,31.11946792,Goat,Carcass,50
550.0318871,72.38393773,554.4508468,72.96651371,Goat,Carcass,50
133.2067889,33.92766408,134.3560053,30.92309001,Goat,Carcass,50
191.8936166,40.75792532,200.0552558,40.46009227,Goat,Carcass,50
155.927274,42.74213143,189.8862855,43.42614066,Goat,Carcass,50
165.5108795,25.26715525,170.0884355,32.37616763,Goat,Carcass,50
159.4071704,35.85138232,165.8235859,33.18368408,Goat,Carcass,50
143.7768297,31.47220328,159.6759942,31.50570147,Goat,Carcass,50
183.6251682,41.61116023,185.1932174,36.70958253,Goat,Carcass,50
144.3775639,30.94660395,137.4455711,28.25293529,Goat,Carcass,50
152.2551707,34.32453837,154.9085533,37.17894241,Goat,Carcass,50
134.8033432,32.95008005,127.2179687,31.66090193,Goat,Carcass,50
157.7523367,32.07156175,143.5749628,30.29184955,Goat,Carcass,50
210.258676,46.47793055,236.0834898,46.08330915,Goat,Carcass,50
139.8528597,28.77532166,120.8566313,25.54177929,Goat,Carcass,50
134.4957887,27.17315898,137.6831222,25.85680436,Goat,Carcass,50
188.8069029,42.02615979,179.5885089,41.96033207,Goat,Carcass,50
181.7003773,42.61105228,182.0112852,42.60572689,Goat,Carcass,50
167.6595484,34.20257429,158.6576399,34.55824567,Goat,Carcass,50
137.4535241,32.2755932,132.8939907,33.36834513,Goat,Carcass,50
166.9340929,30.36601849,168.372924,27.94057518,Goat,Carcass,50
138.6915686,31.211944,163.9706897,30.48588144,Goat,Carcass,50
175.3452518,29.68683663,187.0053004,31.18428761,Goat,Carcass,50
177.0581756,38.93409645,177.7511961,39.21982306,Goat,Carcass,50
149.5922098,31.92166667,152.9483763,32.62501198,Goat,Carcass,50
125.9097854,22.31123382,136.8496297,22.8173049,Goat,Carcass,50
147.3512984,25.66074222,161.2255823,29.98693627,Goat,Carcass,50
139.9767122,29.92768932,161.8228828,33.80934058,Goat,Carcass,50
127.9755502,32.26753306,132.7965879,31.24812698,Goat,Carcass,50
173.4033396,32.31313411,167.2265381,34.59161841,Goat,Carcass,50
154.5554617,22.58019987,117.1330977,31.1700971,Goat,Carcass,50
200.5190791,52.11743552,193.8714838,54.09728119,Goat,Carcass,50
208.4070115,51.68894206,194.1217746,45.5944178,Goat,Carcass,50
194.534907,42.66837461,185.6881062,41.69217567,Goat,Carcass,50
356.5691972,129.3203768,354.582815,126.7122681,Goat,Carcass,50
130.0225722,26.35055838,139.4948363,30.0643003,Goat,Carcass,50
169.3707773,32.09377949,149.3895217,32.85363202,Goat,Carcass,50
170.1326181,32.49961388,145.0145429,30.15842889,Goat,Carcass,50
175.0167261,37.62997154,153.4954087,34.88653517,Goat,Carcass,50
188.8972083,42.06677351,182.7353898,38.04184734,Goat,Carcass,50
186.3401816,42.25311718,197.7946848,43.25603947,Goat,Carcass,50
158.5622983,37.90070212,161.2715924,39.94139305,Goat,Carcass,50
1354.551259,302.2196827,1375.334108,306.2211819,Goat,Carcass,50
70.97408696,43.23833934,89.19373774,36.31483416,Goat,Carcass,50
194.534907,42.66837461,185.6881062,41.69217567,Goat,Carcass,50
159.8274766,31.28144287,148.7856666,31.70395416,Goat,Carcass,50
155.9471106,39.74197283,191.9825706,37.20106541,Goat,Carcass,50
226.9349788,42.51349065,209.9064454,44.43774985,Goat,Carcass,50
193.6733813,41.22782755,197.2226069,37.75008454,Goat,Carcass,50
167.123474,28.91447871,158.810284,32.90442535,Goat,Carcass,50
183.5129184,41.08118281,179.2963601,34.5420284,Goat,Carcass,50
87.15269714,52.12388291,86.88028769,55.85854662,Goat,Carcass,50
0.0,2.472069032,0.0,3.803723567,Goat,Carcass,50
205.7622705,39.63218536,206.5846835,40.405766,Goat,Carcass,50
181.2144803,53.28359489,196.7853709,48.67328663,Goat,Carcass,50
161.2730643,38.75053723,160.157165,34.13085953,Goat,Carcass,50
209.008097,47.48791438,221.6074935,44.59760568,Goat,Carcass,50
119.0930655,33.75154649,155.8575763,30.98703806,Goat,Carcass,50
203.4858375,45.26777126,193.8332591,43.89252748,Goat,Carcass,50
152.290808,31.42714614,137.5395575,32.86278556,Goat,Carcass,50
179.1201853,41.97623869,185.6513718,40.1383018,Goat,Carcass,50
148.9175597,30.55314751,150.7544011,35.04883365,Goat,Carcass,50
182.047827,37.54750707,171.3528089,40.2223993,Goat,Carcass,50
161.2007921,36.51869488,168.6247188,36.41217511,Goat,Carcass,50
211.5672187,37.90197983,199.0336314,43.69267521,Goat,Carcass,50
146.800255,35.33578867,156.4156294,33.70425386,Goat,Carcass,50
137.8874151,30.27931523,144.8460996,34.76879754,Goat,Carcass,50
133.3039238,35.33220469,168.716422,35.59618919,Goat,Carcass,50
